{
    "foreground_intensity_properties_per_channel": {
        "0": {
            "max": 1843.0,
            "mean": 339.6063537597656,
            "median": 325.0,
            "min": -370.0,
            "percentile_00_5": 88.0,
            "percentile_99_5": 708.0,
            "std": 121.1745834350586
        }
    },
    "median_relative_size_after_cropping": 1.0,
    "shapes_after_crop": [
        [
            224,
            512,
            512
        ],
        [
            224,
            512,
            512
        ],
        [
            224,
            512,
            512
        ],
        [
            224,
            512,
            512
        ],
        [
            224,
            512,
            512
        ],
        [
            224,
            512,
            512
        ],
        [
            224,
            512,
            512
        ],
        [
            224,
            512,
            512
        ],
        [
            224,
            512,
            512
        ],
        [
            224,
            512,
            512
        ],
        [
            168,
            512,
            512
        ],
        [
            224,
            512,
            512
        ],
        [
            224,
            512,
            512
        ],
        [
            224,
            512,
            512
        ],
        [
            224,
            512,
            512
        ],
        [
            224,
            512,
            512
        ],
        [
            224,
            512,
            512
        ],
        [
            224,
            512,
            512
        ],
        [
            224,
            512,
            512
        ],
        [
            224,
            512,
            512
        ],
        [
            204,
            512,
            512
        ],
        [
            209,
            512,
            512
        ],
        [
            212,
            512,
            512
        ],
        [
            206,
            512,
            512
        ],
        [
            199,
            512,
            512
        ],
        [
            216,
            512,
            512
        ],
        [
            207,
            512,
            512
        ],
        [
            207,
            512,
            512
        ],
        [
            224,
            512,
            512
        ],
        [
            168,
            512,
            512
        ],
        [
            224,
            512,
            512
        ],
        [
            183,
            512,
            512
        ],
        [
            224,
            512,
            512
        ],
        [
            212,
            512,
            512
        ],
        [
            211,
            512,
            512
        ],
        [
            201,
            512,
            512
        ],
        [
            217,
            512,
            512
        ],
        [
            202,
            512,
            512
        ],
        [
            224,
            512,
            512
        ],
        [
            224,
            512,
            512
        ]
    ],
    "spacings": [
        [
            0.625,
            0.3867189884185791,
            0.3867189884185791
        ],
        [
            0.625,
            0.3867189884185791,
            0.3867189884185791
        ],
        [
            0.625,
            0.49414101243019104,
            0.49414101243019104
        ],
        [
            0.625,
            0.3515619933605194,
            0.3515619933605194
        ],
        [
            0.625,
            0.3945310115814209,
            0.3945310115814209
        ],
        [
            0.625,
            0.4284380078315735,
            0.4284380078315735
        ],
        [
            0.625,
            0.45898398756980896,
            0.45898398756980896
        ],
        [
            0.625,
            0.46875,
            0.46875
        ],
        [
            0.625,
            0.3945310115814209,
            0.3945310115814209
        ],
        [
            0.625,
            0.4570310115814209,
            0.4570310115814209
        ],
        [
            0.625,
            0.43164101243019104,
            0.43164101243019104
        ],
        [
            0.625,
            0.4375,
            0.4375
        ],
        [
            0.625,
            0.47070300579071045,
            0.47070300579071045
        ],
        [
            0.625,
            0.4414060115814209,
            0.4414060115814209
        ],
        [
            0.625,
            0.4882810115814209,
            0.4882810115814209
        ],
        [
            0.625,
            0.4453119933605194,
            0.4453119933605194
        ],
        [
            0.625,
            0.4414060115814209,
            0.4414060115814209
        ],
        [
            0.625,
            0.3945310115814209,
            0.3945310115814209
        ],
        [
            0.625,
            0.3984380066394806,
            0.3984380066394806
        ],
        [
            0.625,
            0.4648439884185791,
            0.4648439884185791
        ],
        [
            0.625,
            0.41601601243019104,
            0.41601601243019104
        ],
        [
            0.625,
            0.43554699420928955,
            0.43554699420928955
        ],
        [
            0.625,
            0.30664101243019104,
            0.30664101243019104
        ],
        [
            0.625,
            0.36914101243019104,
            0.36914101243019104
        ],
        [
            0.625,
            0.33398398756980896,
            0.33398398756980896
        ],
        [
            0.625,
            0.36523398756980896,
            0.36523398756980896
        ],
        [
            0.625,
            0.38476601243019104,
            0.38476601243019104
        ],
        [
            0.625,
            0.34960898756980896,
            0.34960898756980896
        ],
        [
            0.625,
            0.359375,
            0.359375
        ],
        [
            0.625,
            0.34960898756980896,
            0.34960898756980896
        ],
        [
            0.625,
            0.38476601243019104,
            0.38476601243019104
        ],
        [
            0.625,
            0.40429699420928955,
            0.40429699420928955
        ],
        [
            0.625,
            0.41992199420928955,
            0.41992199420928955
        ],
        [
            0.625,
            0.3828119933605194,
            0.3828119933605194
        ],
        [
            0.625,
            0.38085898756980896,
            0.38085898756980896
        ],
        [
            0.625,
            0.3515619933605194,
            0.3515619933605194
        ],
        [
            0.625,
            0.3945310115814209,
            0.3945310115814209
        ],
        [
            0.625,
            0.40039101243019104,
            0.40039101243019104
        ],
        [
            0.625,
            0.40429699420928955,
            0.40429699420928955
        ],
        [
            0.625,
            0.3789060115814209,
            0.3789060115814209
        ]
    ]
}